{
    "camera_data": {
        "width": 640,
        "height": 480,
        "camera_look_at": {
            "at": [
                -0.0,
                1.0,
                -7.549790126404332e-08
            ],
            "eye": [
                -0.0,
                25.0,
                -0.0
            ],
            "up": [
                1.0,
                0.0,
                0.0
            ]
        },
        "intrinsics": {
            "fx": 888.8890923394098,
            "fy": 888.8890923394098,
            "cx": 0.0,
            "cy": 0.0
        }
    },
    "objects": [
        {
            "class": "frame",
            "name": "frame.002",
            "visibility": 2156,
            "projected_cuboid": [
                [
                    331.9488236270841,
                    296.07446978096647
                ],
                [
                    333.95153131406056,
                    189.75926044300573
                ],
                [
                    337.04193405337236,
                    191.905028716836
                ],
                [
                    334.60668167248343,
                    298.1091696053772
                ],
                [
                    278.20131244804367,
                    343.12046405659277
                ],
                [
                    271.2418958382691,
                    239.68563658162756
                ],
                [
                    274.34528961624505,
                    242.0402141726235
                ],
                [
                    280.8690674532826,
                    345.32402014652575
                ],
                [
                    305.98479821817847,
                    271.7192493047702
                ]
            ],
            "location": [
                -0.5299028754234314,
                -14.86837387084961,
                -0.046519935131073
            ],
            "quaternion_xyzw": [
                0.02731019682895769,
                0.4650260076196909,
                0.5326826225148201,
                0.706579216406192
            ]
        },
        {
            "class": "door",
            "name": "door.001",
            "visibility": 225691,
            "projected_cuboid": [
                [
                    331.97162095174275,
                    285.79139198116474
                ],
                [
                    277.2265643961289,
                    247.8918632148118
                ],
                [
                    282.89793268572066,
                    343.0152589510451
                ],
                [
                    330.24918875471354,
                    378.4805681301557
                ],
                [
                    342.54907057581164,
                    275.71767840013
                ],
                [
                    287.9224768933233,
                    238.46978944084267
                ],
                [
                    292.12770933661506,
                    334.14786004416646
                ],
                [
                    339.38991918395067,
                    369.0854791449003
                ],
                [
                    310.21189456375265,
                    312.20003050649905
                ]
            ],
            "location": [
                -0.4233168065547943,
                -13.004125595092773,
                -1.3729798793792725
            ],
            "quaternion_xyzw": [
                0.8840514805164371,
                -0.1158256969515383,
                -0.3279258987972218,
                0.3122530906499091
            ]
        }
    ]
}